"id","start_point_addr_street","start_point_addr_housenumber","start_point_addr_postcode","start_point_municipality","start_point_lon","start_point_lat"
"ViaTemanza-11-38122-BorgoValsugana","Via Temanza",11,38122,"Borgo Valsugana",11.4638273515716,46.0556168531494
"ViaPiave-78-38122-Trento","Via Piave",78,38122,"Trento",11.12673253781,46.062621947832
"ViaGiuseppeGrazioli-3-38122-Trento","Via Giuseppe Grazioli",3,38122,"Trento",11.128958584671,46.0674224746225
"ViaA.Prato-7-38068-Rovereto","Via A. Prato",7,38068,"Rovereto",11.0317700308103,45.8928368548483
"ViaBenedettoGiovanelli-19-38122-Trento","Via Benedetto Giovanelli",19,38122,"Trento",11.1319381159948,46.0650157108279
"ViaRobertodaSanseverino-95-38122-Trento","Via Roberto da Sanseverino",95,38122,"Trento",11.1145405035133,46.060482628018
"PiazzettaBrunoLunelli-5-38122-Trento","Piazzetta Bruno Lunelli",5,38122,"Trento",11.1252075395699,46.0696621845324
