"id","end_point_addr_street","end_point_addr_housenumber","end_point_addr_postcode","end_point_municipality","end_point_lon","end_point_lat"
"ViaPiave-78-38122-Trento","Via Piave",78,38122,"Trento",11.12673253781,46.062621947832
"ViadellaMalpensada-156-38123-Trento","Via della Malpensada",156,38123,"Trento",11.1350018837512,46.0495789800493
"LargoMedaglieDOro-9-38122-Trento","Largo Medaglie D'Oro",9,38122,"Trento",11.1334672032776,46.0563158322404
"CorsoVerona-4-38068-Rovereto","Corso Verona",4,38068,"Rovereto",11.0415891870345,45.8821457205321
"ViaGiuseppeGrazioli-3-38122-Trento","Via Giuseppe Grazioli",3,38122,"Trento",11.128958584671,46.0674224746225
"VialedegliOlmi-17-38123-Trento","Viale degli Olmi",17,38123,"Trento",11.1322342684053,46.0502816316524
"ViaGuglielmoMarconi-20-38052-Caldonazzo","Via Guglielmo Marconi",20,38052,"Caldonazzo",11.2597860054485,45.9945702411447
